Sites,AI
AU-GWW,5.753441615
AU-Wom,1.753730748
